CustomerKey,InterestKey
1,1
2,3
3,4
3,2
4,1
4,4
5,6
5,9
5,1
6,1
6,8
6,2
7,10
8,10
9,7
10,8
11,10
11,9
11,4
12,6
13,8
13,6
13,1
14,5
14,4
14,6
15,1
16,9
16,2
16,8
17,7
17,10
18,1
18,6
18,2
19,8
19,7
20,3
21,5
21,3
22,4
22,1
23,5
24,3
24,6
24,4
25,9
25,3
25,4
26,4
27,5
27,8
28,5
28,9
29,10
29,3
29,5
30,5
30,8
31,5
32,1
32,4
33,2
33,9
34,3
35,8
36,3
36,2
36,6
37,3
37,10
37,4
38,10
38,1
39,1
40,2
41,9
41,7
41,10
42,7
43,9
44,10
45,5
45,10
46,6
46,7
47,6
48,2
48,8
48,9
49,4
50,5
50,6
50,2
51,3
52,5
53,4
54,9
55,6
56,4
56,2
56,9
57,10
57,4
57,1
58,10
58,9
58,7
59,8
59,10
59,7
60,9
60,8
60,6
61,8
61,10
61,3
62,7
62,4
62,5
63,4
63,10
63,7
64,8
65,5
65,10
66,3
66,6
67,3
67,2
67,5
68,1
69,3
69,5
70,2
71,8
71,10
71,5
72,6
72,4
72,2
73,2
73,3
74,8
74,9
75,2
75,7
75,8
76,3
77,4
77,9
77,10
78,9
79,1
79,10
79,5
80,3
81,4
81,8
82,6
83,5
84,9
84,2
85,7
86,5
87,5
87,1
87,3
88,9
89,4
89,3
90,9
91,2
92,5
92,4
93,2
93,10
94,6
94,4
94,3
95,3
95,4
95,5
96,9
96,8
96,5
97,10
98,5
99,3
99,4
100,1
100,5
101,2
101,3
102,3
103,6
103,4
104,9
105,1
106,6
106,7
106,4
107,5
107,1
107,9
108,2
108,7
109,5
109,6
110,4
111,10
111,9
112,3
112,2
113,6
113,1
113,7
114,9
114,7
115,6
116,2
116,9
116,8
117,9
118,6
118,2
119,4
119,10
119,8
120,5
120,7
121,2
121,10
122,7
122,5
123,2
124,3
125,6
125,10
126,10
127,4
127,2
128,2
129,4
130,9
131,8
131,5
132,9
133,6
134,1
135,5
136,1
136,7
136,6
137,9
137,1
137,10
138,2
139,2
140,7
140,6
141,8
141,2
141,1
142,9
143,10
143,6
143,5
144,10
145,4
145,8
145,9
146,3
147,6
148,3
148,10
148,8
149,10
149,9
149,1
150,3
150,8
151,10
152,5
152,3
152,7
153,7
153,4
154,6
154,10
155,3
155,5
156,8
157,4
157,2
157,6
158,2
158,4
159,7
160,10
160,4
160,3
161,7
162,9
162,5
163,7
163,2
164,3
164,6
165,2
165,6
165,1
166,3
167,7
167,10
168,9
169,5
169,4
169,9
170,7
170,5
170,3
171,2
171,9
172,1
172,2
173,2
174,4
174,2
174,9
175,2
175,9
176,7
177,5
177,10
177,8
178,2
178,3
178,10
179,5
179,1
180,8
180,3
180,1
181,3
182,3
182,5
182,7
183,6
184,1
184,2
184,10
185,10
186,4
186,5
187,7
187,3
188,1
188,4
188,6
189,2
189,10
189,8
190,10
190,5
190,7
191,9
191,5
192,10
192,2
192,9
193,9
193,10
194,3
195,10
195,4
195,6
196,10
196,7
196,6
197,3
198,7
198,6
198,1
199,8
200,7
201,1
201,4
201,8
202,1
202,9
202,5
203,10
203,3
203,2
204,10
204,7
205,8
206,6
207,1
207,5
207,3
208,2
209,1
210,9
211,2
212,10
212,3
212,1
213,7
213,3
213,10
214,9
215,10
215,1
216,9
216,3
216,2
217,1
217,6
217,5
218,5
218,3
218,8
219,6
220,10
220,1
221,1
222,4
222,2
223,2
223,7
223,4
224,4
225,6
226,6
226,3
226,9
227,6
228,8
228,10
229,6
229,1
229,5
230,2
230,6
231,7
231,4
232,5
233,8
234,9
234,8
235,8
235,9
236,7
236,2
236,10
237,3
237,6
238,8
238,1
239,7
239,5
239,10
240,3
241,8
241,4
241,6
242,1
243,10
243,4
244,6
245,6
245,8
246,2
246,3
247,10
248,2
248,4
248,8
249,4
249,7
250,8
250,6
250,1
251,4
252,9
252,8
252,7
253,10
254,8
254,5
255,6
255,3
256,8
257,1
257,10
258,1
258,5
259,9
260,10
260,8
260,6
261,10
261,7
262,9
262,2
262,7
263,9
264,8
264,9
264,5
265,6
266,5
266,3
266,2
267,8
267,9
268,5
268,8
268,9
269,1
269,2
270,5
270,9
270,6
271,2
271,6
271,9
272,6
272,8
273,9
274,8
274,7
275,9
275,8
276,2
276,7
277,5
277,4
278,7
278,6
279,2
279,6
280,3
280,8
280,2
281,6
281,3
281,2
282,10
282,7
283,2
283,1
284,5
284,10
284,7
285,8
286,4
286,1
287,3
287,1
288,9
289,1
289,7
289,3
290,1
291,8
291,4
291,10
292,5
292,9
293,5
294,5
294,7
295,6
296,10
296,5
297,2
297,10
297,5
298,3
298,8
298,4
299,1
300,5
301,7
302,2
302,6
303,3
304,6
304,3
304,10
305,5
306,5
306,10
307,10
307,6
307,2
308,4
308,5
308,9
309,5
309,10
309,6
310,4
310,10
310,7
311,7
311,6
312,9
312,8
312,7
313,8
314,6
315,5
315,10
316,8
316,4
317,4
318,7
318,3
318,4
319,2
320,6
320,9
320,2
321,8
321,2
321,9
322,7
322,10
322,3
323,2
323,5
323,4
324,9
325,5
326,2
326,8
327,8
327,7
328,5
329,8
330,6
331,9
331,2
332,10
333,9
333,8
333,10
334,8
334,10
334,4
335,1
335,2
336,9
336,6
337,7
338,1
338,9
339,8
339,10
339,5
340,7
340,5
340,6
341,8
342,2
342,7
343,5
344,8
344,3
345,3
346,8
346,5
346,9
347,9
348,2
348,6
348,3
349,2
349,8
349,6
350,9
351,1
352,1
352,5
353,6
354,6
354,9
354,4
355,7
355,8
355,6
356,2
356,10
357,5
358,4
359,1
359,2
360,10
360,7
360,5
361,4
361,8
361,2
362,4
362,7
362,3
363,6
363,2
363,9
364,8
365,9
366,9
367,2
367,6
367,10
368,10
369,4
370,1
370,4
370,7
371,10
371,5
371,8
372,6
373,5
373,7
374,1
374,2
375,8
376,5
377,8
378,8
379,10
379,5
380,1
381,4
381,9
381,7
382,2
383,3
383,4
383,1
384,4
385,7
386,7
386,3
387,3
387,6
387,9
388,5
388,1
389,8
390,2
390,1
390,4
391,5
391,8
391,10
392,5
392,1
393,10
394,4
395,5
395,3
396,10
396,9
397,5
398,2
398,10
398,7
399,4
399,2
400,9
400,10
400,3
401,6
402,4
402,7
403,1
403,2
404,4
404,8
404,10
405,4
405,1
405,5
406,2
406,10
406,8
407,8
408,3
408,5
409,3
410,1
410,6
410,9
411,8
412,4
412,2
413,7
414,5
414,9
415,9
416,6
416,8
416,4
417,8
417,10
417,7
418,7
418,6
418,4
419,7
420,3
420,8
420,5
421,3
421,2
422,5
422,2
423,10
424,9
424,3
425,10
425,6
425,1
426,6
426,9
427,7
428,4
428,9
429,9
429,3
430,10
430,4
431,1
431,6
431,2
432,10
432,8
433,6
433,2
433,7
434,8
434,2
435,9
435,1
435,10
436,2
437,4
437,1
437,9
438,5
439,10
439,7
439,5
440,5
441,9
441,6
442,5
442,10
442,1
443,5
443,1
443,3
444,10
445,5
445,10
446,4
447,8
447,10
448,5
448,4
449,6
449,3
449,2
450,8
451,10
451,6
451,8
452,9
452,5
453,3
453,7
453,1
454,5
454,7
454,10
455,9
455,6
456,4
456,1
456,6
457,9
457,3
458,5
458,2
459,3
459,6
460,2
460,3
460,1
461,7
461,2
461,5
462,10
463,10
463,5
464,6
465,10
466,8
467,8
468,6
468,4
469,9
469,7
470,10
470,4
471,5
471,6
471,8
472,2
473,7
473,8
473,2
474,7
474,3
474,6
475,2
475,10
476,3
477,10
477,9
478,2
478,3
479,9
480,4
480,2
481,9
481,7
481,2
482,2
482,10
482,7
483,7
484,4
484,1
485,5
485,8
486,3
486,10
487,8
487,10
487,6
488,2
488,1
489,5
489,4
489,7
490,9
490,8
491,2
492,9
492,1
492,8
493,4
494,9
495,9
495,1
495,3
496,8
496,3
497,3
497,9
498,5
498,2
499,10
499,9
500,9
500,1
501,3
501,5
501,10
502,2
503,8
504,1
505,6
505,7
506,6
506,1
506,9
507,3
507,6
507,4
508,3
508,9
508,10
509,5
509,9
509,2
510,2
511,9
511,1
512,2
513,2
513,9
514,3
515,8
515,3
515,2
516,10
516,8
517,9
517,5
517,1
518,10
518,6
519,8
520,4
520,2
521,2
521,5
522,9
522,5
522,2
523,8
524,10
524,4
524,1
525,7
525,5
525,1
526,3
526,5
526,8
527,2
527,4
527,6
528,5
529,10
529,2
529,8
530,2
530,6
530,9
531,5
531,9
531,10
532,7
532,8
533,9
534,6
535,1
535,7
535,9
536,6
536,10
537,2
537,4
537,10
538,10
538,2
539,5
540,6
540,2
541,10
541,8
541,2
542,6
543,2
543,4
543,6
544,6
544,9
544,5
545,3
546,9
546,2
546,4
547,5
547,9
548,2
548,1
549,6
549,2
549,3
550,5
550,6
551,2
551,3
551,7
552,6
552,7
553,4
554,9
555,7
556,3
556,1
556,5
557,7
558,7
558,3
558,9
559,2
560,10
560,4
560,3
561,7
561,2
561,10
562,2
563,5
563,1
564,7
564,8
564,9
565,8
565,4
565,1
566,9
566,3
566,5
567,9
568,6
569,8
570,5
570,7
571,2
572,7
572,10
572,9
573,8
573,3
574,4
574,1
575,9
575,3
575,2
576,2
577,3
578,9
578,7
578,1
579,4
579,3
580,2
580,9
581,8
582,9
583,2
583,9
584,2
584,9
584,1
585,9
585,4
585,7
586,9
586,4
586,10
587,10
587,8
587,4
588,5
589,5
590,4
590,9
590,3
591,8
591,4
592,3
592,1
593,6
593,8
593,1
594,10
594,8
594,4
595,10
595,5
596,5
597,5
597,2
597,3
598,4
598,10
598,3
599,4
599,2
600,1
600,3
601,10
601,5
602,4
602,9
602,10
603,8
603,10
603,7
604,8
604,4
604,6
605,7
605,3
605,9
606,6
606,4
607,7
607,2
607,1
608,1
609,5
609,2
610,4
611,8
611,4
611,6
612,3
612,8
613,1
613,6
614,2
615,9
615,3
616,9
616,10
616,1
617,6
618,10
618,9
618,8
619,6
620,9
620,5
621,7
621,9
621,4
622,2
622,9
623,6
624,1
624,4
625,9
625,2
626,2
626,9
626,6
627,7
628,6
628,5
629,3
630,2
630,9
631,3
632,3
632,10
633,9
633,5
633,4
634,5
634,6
635,7
636,3
636,5
637,10
637,3
637,8
638,10
638,7
639,2
639,4
640,6
641,8
641,6
642,8
642,5
643,9
644,7
644,1
645,7
645,1
646,8
647,5
647,2
648,10
649,8
649,9
649,10
650,4
650,2
651,2
652,9
653,2
653,9
653,5
654,1
654,2
654,3
655,7
655,3
656,10
656,9
657,10
657,3
657,9
658,2
658,7
659,4
659,8
660,9
660,3
660,1
661,4
661,2
662,8
663,6
663,5
663,10
664,6
664,2
664,5
665,2
665,9
665,5
666,8
667,10
667,7
668,8
668,6
669,7
669,1
669,4
670,5
670,9
670,6
671,6
672,6
673,2
673,7
674,5
674,10
674,3
675,5
675,6
675,4
676,8
677,6
678,5
678,9
678,7
679,5
680,1
681,6
682,1
682,8
683,7
684,9
684,6
685,2
685,9
686,4
686,5
687,8
687,1
687,10
688,5
688,2
688,6
689,9
689,8
689,1
690,5
690,3
690,2
691,6
692,4
692,1
692,10
693,2
693,10
693,9
694,6
694,8
695,9
696,7
696,4
696,10
697,10
698,5
698,9
699,3
699,10
699,9
700,4
701,7
702,2
702,1
703,9
703,7
703,1
704,6
704,9
704,7
705,4
705,5
706,7
706,1
707,6
707,4
707,3
708,8
708,5
709,1
710,6
711,8
711,3
712,3
712,7
712,9
713,3
713,7
713,4
714,1
714,5
714,3
715,1
716,7
717,6
717,3
717,10
718,1
718,10
719,2
720,10
720,6
720,8
721,10
721,3
721,9
722,3
723,10
723,1
723,5
724,1
725,8
726,7
726,9
726,1
727,9
727,10
728,8
729,10
730,8
730,6
731,6
731,10
731,9
732,6
733,9
734,10
734,2
734,7
735,6
735,4
736,10
736,2
737,10
738,10
739,2
740,9
740,4
741,1
741,7
742,8
742,5
743,10
744,3
744,8
745,3
745,2
745,6
746,10
746,4
746,6
747,4
747,10
747,3
748,9
748,3
748,1
749,9
749,8
749,10
750,8
750,3
750,6
751,4
751,1
751,10
752,5
752,8
752,10
753,6
753,1
754,9
754,7
755,3
755,7
756,2
757,4
757,5
757,2
758,2
758,7
759,5
760,4
761,1
762,2
762,4
762,1
763,8
763,1
764,1
764,10
765,6
766,5
766,4
767,6
767,7
767,9
768,8
768,4
769,7
769,1
769,9
770,6
770,8
770,2
771,5
772,8
772,7
773,3
774,2
774,5
774,8
775,7
776,5
777,1
777,8
777,4
778,1
778,2
779,5
780,4
780,7
780,2
781,6
782,8
782,1
782,2
783,8
783,6
783,10
784,10
785,7
785,5
786,2
786,3
787,3
787,8
788,10
788,7
789,8
790,8
790,6
791,10
791,3
792,1
792,5
793,7
793,8
794,1
794,6
795,8
795,2
796,10
796,8
797,4
797,5
798,5
798,9
799,2
799,9
800,3
801,2
802,2
803,9
804,5
805,5
806,9
807,6
807,4
808,10
809,6
809,8
809,5
810,9
810,7
810,1
811,7
811,3
811,9
812,3
813,8
813,3
813,4
814,3
814,4
815,2
816,2
816,1
816,9
817,1
817,4
818,4
818,10
818,3
819,4
820,5
821,1
821,4
822,8
822,4
823,8
823,2
823,7
824,8
824,7
825,3
825,9
825,4
826,6
826,4
826,1
827,9
828,7
828,9
829,9
829,7
830,8
831,10
831,3
832,4
833,8
833,7
834,4
835,2
835,3
835,4
836,4
836,1
837,7
837,10
838,1
838,3
839,6
840,10
841,7
841,4
842,6
842,5
843,7
843,9
844,8
844,1
845,3
845,4
846,5
847,7
847,3
847,2
848,4
848,9
849,6
849,3
849,9
850,3
850,9
850,6
851,9
852,8
852,10
852,1
853,10
854,8
854,6
855,8
855,7
856,7
857,6
857,3
858,1
858,8
858,3
859,2
859,7
859,5
860,1
860,10
861,8
861,2
862,10
863,3
864,5
864,3
864,9
865,1
866,2
866,7
866,9
867,8
867,2
868,8
869,3
869,7
869,9
870,2
870,9
870,10
871,3
871,10
872,6
873,4
873,9
874,2
874,7
875,9
876,9
876,7
877,4
877,10
877,7
878,4
878,1
878,5
879,8
880,10
881,8
881,2
882,9
882,4
883,5
883,9
884,4
884,6
884,1
885,4
886,6
886,1
887,9
888,8
888,10
889,6
889,1
890,3
891,3
892,10
893,8
894,2
894,3
894,1
895,9
895,2
896,2
897,7
898,4
899,7
899,9
900,1
900,3
900,9
901,2
902,2
902,9
903,7
904,4
904,7
905,2
906,7
906,5
907,8
907,10
907,6
908,1
909,3
909,4
909,7
910,2
910,3
911,3
912,9
912,3
912,8
913,3
913,1
914,8
915,8
915,10
916,7
916,3
916,9
917,1
917,8
917,9
918,3
918,8
918,10
919,4
920,6
920,5
920,9
921,9
921,6
921,8
922,9
922,8
923,4
924,7
924,1
925,8
925,4
926,7
926,3
926,9
927,5
927,1
928,10
928,2
929,4
929,6
930,10
930,7
931,5
931,7
931,10
932,3
932,8
933,3
933,8
934,2
935,8
935,9
935,2
936,7
936,6
936,2
937,6
938,8
938,2
938,1
939,5
940,8
940,9
940,4
941,3
941,6
941,4
942,9
942,7
942,1
943,2
943,3
944,3
945,9
945,10
946,1
946,5
947,5
947,1
947,10
948,6
948,8
948,7
949,3
949,9
950,9
950,7
951,9
951,7
952,8
953,6
953,1
954,1
954,6
954,5
955,9
955,4
956,9
956,6
956,7
957,3
958,9
958,6
958,1
959,3
959,6
960,5
961,6
961,2
961,3
962,4
962,1
963,3
963,1
964,5
964,10
965,4
966,5
967,4
967,8
968,2
968,5
969,10
969,1
969,7
970,8
970,9
971,6
972,9
973,6
973,10
974,1
975,1
975,4
976,2
977,7
977,3
978,3
978,2
979,2
979,1
980,2
981,10
982,10
982,9
982,7
983,1
983,5
983,3
984,5
985,6
986,9
986,5
986,1
987,7
988,5
989,9
989,1
990,4
990,5
990,7
991,8
991,5
992,3
992,6
993,10
994,3
994,6
995,3
996,7
996,1
997,5
998,9
999,7
999,6
1000,5
1001,6
1001,7
1002,4
1002,2
1002,1
1003,5
1003,7
1003,9
1004,7
1005,4
1005,2
1005,10
1006,8
1006,1
1007,5
1007,7
1008,7
1009,8
1009,5
1010,1
1010,9
1011,10
1011,8
1012,5
1012,6
1013,9
1013,7
1014,3
1014,1
1015,5
1015,7
1015,1
1016,5
1016,2
1016,3
1017,3
1017,10
1018,4
1019,2
1020,1
1020,8
1020,4
1021,6
1022,5
1022,10
1022,9
1023,2
1023,8
1023,1
1024,9
1024,2
1025,3
1025,7
1025,4
1026,10
1026,1
1027,7
1027,5
1028,9
1028,6
1029,3
1029,6
1030,6
1031,9
1031,1
1031,10
1032,2
1032,6
1033,1
1033,8
1034,7
1034,4
1035,2
1036,1
1036,4
1036,3
1037,10
1038,5
1039,1
1040,6
1040,1
1041,5
1041,8
1041,7
1042,3
1043,10
1043,5
1044,1
1045,10
1045,4
1045,2
1046,3
1047,2
1047,1
1048,1
1048,6
1049,8
1049,6
1049,7
1050,2
1050,6
1050,4
1051,10
1051,8
1051,4
1052,9
1052,8
1053,4
1053,2
1053,8
1054,10
1054,5
1055,2
1056,2
1056,1
1057,1
1057,7
1058,1
1059,10
1059,5
1060,10
1060,7
1060,6
1061,8
1062,2
1063,2
1063,8
1063,4
1064,6
1065,8
1065,4
1066,8
1066,7
1066,5
1067,4
1067,7
1067,9
1068,1
1069,6
1070,2
1070,6
1071,8
1071,7
1072,7
1073,7
1074,6
1075,9
1075,5
1075,10
1076,5
1076,8
1077,5
1077,3
1078,2
1078,3
1078,6
1079,3
1079,5
1079,2
1080,8
1080,2
1080,5
1081,6
1081,7
1082,5
1082,10
1083,1
1083,4
1083,2
1084,6
1085,3
1085,6
1086,3
1086,2
1086,10
1087,8
1087,7
1087,9
1088,5
1088,10
1088,1
1089,2
1090,8
1090,7
1091,6
1091,8
1091,7
1092,3
1092,1
1092,4
1093,2
1094,2
1094,10
1094,3
1095,10
1095,6
1095,3
1096,8
1096,7
1096,10
1097,4
1097,3
1097,5
1098,7
1098,5
1098,1
1099,1
1100,9
1100,1
1100,10
1101,8
1101,9
1102,2
1103,2
1104,1
1105,2
1106,6
1106,3
1107,7
1107,2
1107,10
1108,1
1109,10
1109,1
1110,9
1111,4
1111,3
1111,8
1112,1
1112,7
1112,4
1113,3
1114,1
1114,6
1115,7
1115,9
1115,2
1116,10
1116,7
1117,2
1118,8
1118,9
1118,3
1119,5
1120,2
1120,5
1121,8
1122,5
1123,9
1123,3
1124,6
1125,1
1125,4
1125,8
1126,8
1126,1
1126,10
1127,9
1128,5
1128,7
1129,2
1130,1
1130,10
1131,7
1131,1
1132,1
1132,9
1132,10
1133,1
1133,10
1133,8
1134,8
1134,6
1134,2
1135,6
1135,5
1136,5
1137,6
1137,2
1138,2
1138,4
1138,1
1139,3
1139,5
1139,1
1140,1
1141,9
1141,3
1141,6
1142,8
1143,5
1143,8
1143,2
1144,2
1144,1
1145,5
1146,6
1146,7
1146,8
1147,7
1148,5
1149,5
1150,2
1150,6
1151,4
1151,8
1152,3
1152,9
1153,9
1153,4
1154,8
1154,5
1155,5
1156,10
1157,5
1158,8
1159,8
1160,4
1160,8
1161,2
1161,8
1162,6
1163,5
1163,3
1164,6
1165,2
1165,7
1166,10
1166,5
1166,7
1167,2
1168,2
1169,7
1169,3
1170,8
1170,10
1171,7
1172,3
1173,10
1173,2
1173,3
1174,7
1174,1
1175,9
1175,1
1176,10
1176,5
1176,1
1177,2
1178,4
1178,8
1178,6
1179,6
1180,4
1180,1
1181,2
1181,3
1182,4
1183,3
1184,7
1185,9
1185,3
1185,1
1186,10
1186,8
1187,9
1187,4
1187,1
1188,9
1188,5
1189,4
1189,7
1189,8
1190,2
1190,1
1190,9
1191,8
1192,2
1193,3
1193,7
1194,7
1194,5
1195,4
1196,2
1196,3
1196,5
1197,4
1197,3
1197,6
1198,6
1199,8
1199,1
1199,6
1200,4
1200,2
1201,9
1201,3
1201,10
1202,7
1202,6
1203,1
1203,2
1204,5
1204,10
1205,3
1206,7
1206,9
1207,7
1207,8
1208,1
1209,10
1209,6
1210,9
1211,3
1212,1
1212,5
1212,7
1213,1
1213,8
1213,4
1214,5
1214,4
1215,9
1215,5
1216,10
1216,9
1216,5
1217,2
1217,5
1218,9
1218,3
1218,8
1219,8
1219,7
1219,2
1220,4
1221,3
1221,9
1221,2
1222,3
1222,8
1223,7
1223,4
1224,2
1225,7
1225,1
1226,2
1226,3
1226,6
1227,1
1228,2
1228,7
1229,3
1230,7
1231,10
1232,7
1232,9
1232,6
1233,9
1233,1
1233,4
1234,9
1234,2
1235,1
1235,10
1236,2
1236,9
1237,6
1238,6
1238,4
1238,9
1239,1
1239,2
1240,10
1241,1
1241,2
1242,5
1243,5
1243,2
1243,6
1244,7
1244,3
1244,1
1245,6
1245,7
1245,4
1246,5
1246,1
1246,7
1247,8
1247,4
1248,10
1248,5
1249,9
1250,3
1250,2
1250,10
1251,3
1251,8
1251,7
1252,3
1252,1
1253,4
1253,5
1254,6
1254,1
1254,8
1255,5
1255,8
1255,4
1256,4
1257,1
1257,7
1257,2
1258,2
1259,9
1259,8
1259,10
1260,9
1260,8
1261,10
1262,1
1263,4
1263,1
1264,3
1264,10
1265,4
1266,9
1266,1
1267,8
1267,10
1268,1
1269,6
1270,4
1270,1
1270,6
1271,9
1271,6
1271,5
1272,8
1273,7
1273,1
1274,5
1275,10
1276,3
1277,9
1277,7
1278,3
1278,6
1279,5
1279,4
1280,9
1281,3
1281,7
1282,6
1283,10
1284,8
1284,5
1284,7
1285,6
1285,7
1286,9
1286,2
1286,5
1287,6
1288,9
1289,6
1289,3
1290,4
1291,3
1291,10
1292,4
1292,10
1292,1
1293,3
1293,7
1293,5
1294,5
1294,3
1295,1
1295,7
1295,2
1296,1
1297,4
1297,8
1298,9
1299,2
1299,3
1300,6
1300,4
1300,2
1301,8
1301,7
1302,7
1303,8
1304,4
1305,6
1305,1
1306,9
1306,4
1306,8
1307,8
1307,1
1308,7
1309,10
1309,5
1309,3
1310,2
1311,4
1312,5
1313,4
1314,3
1314,4
1314,8
1315,1
1316,10
1317,1
1317,7
1318,9
1318,3
1318,7
1319,7
1320,3
1320,7
1321,7
1321,4
1322,9
1322,10
1322,6
1323,5
1324,5
1324,10
1324,3
1325,4
1325,9
1326,10
1327,2
1327,1
1328,1
1328,10
1328,2
1329,4
1330,6
1330,4
1330,3
1331,4
1331,2
1331,10
1332,3
1332,6
1333,9
1334,9
1334,3
1335,9
1336,8
1336,3
1336,6
1337,4
1337,2
1337,6
1338,10
1338,3
1338,8
1339,4
1339,8
1340,3
1340,5
1340,4
1341,4
1342,7
1342,1
1343,1
1344,4
1344,9
1345,5
1345,8
1345,7
1346,5
1346,6
1346,2
1347,3
1348,7
1348,1
1348,5
1349,4
1349,5
1349,1
1350,4
1350,9
1351,10
1351,2
1352,2
1352,9
1353,1
1354,7
1354,1
1354,3
1355,9
1355,4
1355,6
1356,10
1356,3
1357,8
1358,10
1358,5
1358,1
1359,1
1360,5
1361,5
1361,4
1362,6
1363,5
1363,6
1364,1
1364,9
1365,2
1365,3
1366,1
1366,9
1366,3
1367,10
1368,6
1368,8
1368,2
1369,8
1369,3
1370,1
1370,7
1370,2
1371,9
1371,6
1371,5
1372,5
1373,3
1373,4
1373,1
1374,7
1374,2
1374,4
1375,9
1375,5
1375,10
1376,1
1376,4
1376,9
1377,7
1378,3
1379,4
1379,10
1379,9
1380,2
1380,6
1380,4
1381,8
1381,6
1381,4
1382,8
1382,6
1383,4
1383,8
1384,5
1384,2
1385,3
1385,8
1386,4
1386,7
1387,10
1388,4
1388,3
1389,4
1389,9
1390,5
1390,7
1391,1
1391,10
1391,2
1392,7
1392,4
1393,2
1393,5
1394,10
1394,8
1395,7
1396,4
1396,8
1397,9
1398,2
1398,10
1398,1
1399,5
1399,10
1399,3
1400,6
1401,9
1401,2
1401,7
1402,6
1403,2
1403,7
1404,4
1405,7
1405,5
1406,9
1406,2
1407,2
1408,4
1408,8
1408,2
1409,4
1410,7
1411,9
1411,6
1412,2
1412,6
1413,3
1413,4
1413,10
1414,10
1414,7
1415,2
1415,8
1416,2
1416,1
1417,1
1417,3
1417,7
1418,9
1418,10
1419,6
1419,7
1419,8
1420,3
1421,2
1421,1
1421,3
1422,6
1422,7
1422,5
1423,3
1423,7
1423,6
1424,2
1425,3
1425,4
1425,10
1426,4
1426,2
1427,10
1427,6
1428,3
1428,8
1428,10
1429,8
1430,10
1430,2
1430,7
1431,5
1431,1
1431,2
1432,10
1432,6
1433,3
1433,4
1434,4
1434,2
1435,9
1435,6
1435,7
1436,2
1437,9
1437,3
1437,7
1438,9
1438,5
1438,6
1439,7
1440,7
1440,9
1441,1
1441,8
1441,6
1442,1
1443,10
1443,4
1443,6
1444,4
1444,1
1444,5
1445,10
1445,4
1446,5
1447,3
1447,9
1447,10
1448,2
1448,3
1449,7
1450,9
1451,6
1452,10
1452,4
1452,2
1453,9
1453,1
1454,1
1455,3
1456,1
1456,6
1456,3
1457,5
1457,3
1457,2
1458,10
1458,3
1458,4
1459,1
1459,6
1459,3
1460,5
1460,1
1461,8
1461,5
1462,7
1463,8
1464,1
1464,8
1464,3
1465,10
1466,3
1467,4
1467,6
1467,9
1468,8
1468,1
1468,2
1469,1
1470,9
1471,8
1471,4
1471,7
1472,10
1472,3
1472,5
1473,7
1473,1
1473,6
1474,3
1474,10
1475,10
1475,2
1475,6
1476,2
1477,7
1477,3
1478,4
1479,7
1480,3
1480,2
1480,5
1481,7
1481,1
1482,9
1482,2
1482,3
1483,6
1483,9
1483,5
1484,7
1484,5
1485,10
1485,3
1485,8
1486,3
1486,7
1487,7
1487,1
1487,2
1488,10
1489,7
1489,3
1489,9
1490,10
1490,6
1490,9
1491,2
1492,8
1493,2
1493,9
1493,3
1494,10
1495,8
1496,6
1496,9
1496,1
1497,1
1498,9
1498,4
1498,8
1499,6
1500,2
1500,5
1500,9
1501,4
1501,10
1501,3
1502,3
1502,10
1502,5
1503,6
1504,5
1505,9
1506,10
1506,4
1506,5
1507,8
1507,2
1508,5
1509,3
1510,8
1510,10
1511,7
1512,7
1513,7
1513,10
1514,2
1514,10
1514,7
1515,8
1515,6
1516,7
1516,1
1517,9
1517,2
1518,10
1518,5
1519,6
1519,7
1520,10
1521,4
1522,1
1522,8
1523,7
1523,1
1523,2
1524,7
1524,2
1525,10
1525,7
1525,3
1526,7
1526,4
1526,3
1527,9
1527,5
1528,5
1528,10
1528,3
1529,3
1529,4
1529,9
1530,3
1530,9
1530,7
1531,4
1531,2
1531,3
1532,4
1532,3
1533,3
1534,7
1535,8
1536,10
1537,2
1537,8
1538,9
1538,4
1538,6
1539,1
1539,7
1540,6
1541,5
1541,4
1542,10
1543,4
1543,7
1544,9
1544,10
1544,4
1545,4
1546,3
1546,6
1547,6
1547,3
1548,5
1548,10
1548,8
1549,5
1550,9
1551,5
1552,5
1552,4
1552,7
1553,6
1553,4
1553,5
1554,5
1555,9
1556,6
1556,9
1556,7
1557,5
1557,7
1557,3
1558,2
1559,9
1559,2
1560,7
1561,1
1561,4
1562,1
1562,5
1562,2
1563,1
1563,8
1563,6
1564,1
1564,5
1565,5
1566,10
1566,1
1566,2
1567,9
1567,4
1568,5
1569,8
1569,6
1570,6
1570,5
1571,7
1571,6
1572,3
1572,8
1572,7
1573,2
1573,1
1573,9
1574,8
1575,4
1576,7
1577,9
1577,1
1578,7
1579,5
1579,8
1579,10
1580,8
1580,2
1581,4
1581,9
1582,7
1582,4
1583,4
1584,5
1584,7
1585,6
1585,5
1585,10
1586,7
1586,8
1587,2
1587,1
1588,2
1589,7
1589,1
1589,3
1590,8
1590,1
1590,2
1591,8
1591,3
1592,7
1593,1
1593,7
1593,3
1594,1
1595,10
1595,2
1595,7
1596,1
1597,9
1598,10
1598,3
1598,1
1599,6
1600,2
1601,1
1601,8
1602,3
1603,5
1603,10
1604,9
1604,8
1605,7
1605,3
1605,4
1606,8
1607,10
1608,2
1608,5
1608,8
1609,2
1609,3
1609,4
1610,4
1610,5
1610,3
1611,2
1611,5
1611,6
1612,1
1612,10
1612,8
1613,4
1614,6
1615,2
1615,9
1616,10
1616,8
1616,5
1617,7
1617,4
1618,6
1619,7
1619,1
1619,6
1620,8
1620,7
1620,3
1621,8
1621,5
1621,2
1622,3
1622,5
1622,2
1623,7
1624,7
1624,2
1624,9
1625,6
1625,5
1625,9
1626,6
1626,10
1627,2
1628,9
1629,8
1629,9
1629,4
1630,9
1630,2
1631,5
1632,10
1633,10
1633,8
1634,5
1634,2
1634,7
1635,1
1636,8
1637,1
1637,4
1637,6
1638,1
1639,10
1639,6
1639,3
1640,9
1640,1
1641,4
1641,7
1642,9
1642,10
1643,2
1644,8
1645,4
1645,5
1645,8
1646,6
1646,1
1647,3
1647,6
1647,5
1648,2
1649,7
1649,4
1649,2
1650,1
1651,10
1651,6
1652,3
1652,7
1653,10
1654,3
1654,9
1655,3
1655,9
1655,6
1656,4
1656,2
1657,8
1657,9
1657,6
1658,6
1658,2
1658,9
1659,5
1660,7
1661,8
1662,3
1662,9
1663,10
1663,2
1663,7
1664,8
1664,10
1665,7
1666,2
1666,3
1667,1
1667,6
1668,9
1669,8
1669,7
1669,9
1670,1
1671,4
1672,3
1672,8
1673,10
1673,9
1674,5
1674,6
1674,3
1675,2
1676,10
1676,2
1676,5
1677,5
1678,8
1678,7
1679,6
1680,8
1681,9
1681,4
1681,6
1682,9
1682,7
1682,1
1683,8
1684,3
1684,9
1684,10
1685,8
1685,6
1686,1
1686,7
1687,6
1687,1
1688,10
1688,8
1689,6
1690,8
1691,6
1691,3
1691,7
1692,9
1692,1
1693,1
1694,5
1695,7
1696,5
1697,8
1697,5
1698,4
1699,5
1699,6
1700,5
1700,4
1701,8
1702,10
1703,6
1703,3
1704,3
1704,2
1705,3
1705,8
1706,8
1706,7
1706,10
1707,8
1708,4
1708,1
1708,5
1709,4
1710,1
1711,6
1711,10
1711,7
1712,8
1713,3
1714,7
1714,3
1715,5
1715,10
1715,4
1716,10
1716,2
1716,7
1717,7
1718,3
1718,4
1719,9
1719,8
1719,2
1720,7
1720,2
1721,1
1721,5
1721,3
1722,1
1722,9
1723,4
1723,2
1723,10
1724,2
1724,3
1724,9
1725,10
1726,3
1727,1
1728,3
1728,7
1729,2
1729,4
1729,3
1730,4
1731,6
1732,4
1733,1
1734,8
1734,2
1734,5
1735,3
1735,2
1736,6
1736,8
1737,3
1738,9
1739,4
1739,10
1739,9
1740,5
1740,8
1741,9
1742,6
1743,5
1743,9
1743,8
1744,3
1744,1
1745,4
1745,6
1745,8
1746,7
1746,4
1747,2
1747,10
1748,6
1749,10
1749,9
1749,8
1750,10
1751,5
1752,2
1752,4
1753,3
1753,6
1754,6
1754,4
1754,7
1755,2
1756,10
1757,8
1757,3
1758,1
1759,6
1759,3
1760,4
1761,8
1761,2
1762,9
1762,4
1762,6
1763,6
1763,10
1764,3
1764,1
1765,7
1766,2
1766,8
1766,10
1767,4
1768,10
1768,9
1768,7
1769,3
1769,6
1769,1
1770,6
1771,3
1772,10
1772,1
1772,2
1773,8
1773,9
1774,7
1775,6
1776,10
1777,2
1777,6
1777,5
1778,4
1778,10
1778,2
1779,1
1779,7
1779,8
1780,8
1780,3
1780,7
1781,6
1782,4
1782,5
1782,7
1783,3
1784,9
1784,1
1784,4
1785,6
1785,7
1786,1
1786,4
1787,5
1787,4
1788,1
1789,5
1790,3
1790,10
1790,9
1791,8
1791,4
1792,7
1793,1
1793,8
1794,6
1794,2
1794,9
1795,5
1795,4
1796,3
1797,7
1798,9
1798,8
1799,2
1799,10
1799,4
1800,1
1800,8
1800,2
1801,6
1801,8
1802,9
1803,10
1804,7
1804,1
1805,3
1806,6
1806,2
1806,10
1807,9
1808,6
1809,1
1809,9
1810,3
1811,2
1811,6
1811,4
1812,10
1812,5
1813,1
1814,8
1814,3
1814,1
1815,3
1815,10
1816,4
1816,6
1817,8
1817,4
1817,3
1818,5
1818,3
1819,9
1819,8
1820,6
1821,6
1821,1
1821,8
1822,1
1822,10
1823,9
1823,3
1824,8
1824,3
1825,9
1825,3
1826,3
1826,5
1826,9
1827,4
1828,10
1829,3
1829,1
1829,5
1830,2
1830,6
1831,2
1831,3
1831,1
1832,3
1832,2
1832,7
1833,4
1834,8
1835,6
1835,2
1836,9
1836,5
1837,10
1837,6
1838,2
1839,9
1840,3
1840,2
1840,8
1841,9
1841,8
1842,7
1842,10
1842,5
1843,2
1843,4
1844,7
1844,4
1845,4
1845,6
1845,2
1846,1
1847,8
1847,4
1848,4
1848,10
1849,10
1849,2
1849,4
1850,6
1850,5
1850,4
1851,1
1852,6
1852,3
1852,5
1853,9
1853,3
1854,5
1854,2
1854,10
1855,1
1855,6
1855,7
1856,7
1856,9
1856,5
1857,5
1857,3
1857,7
1858,1
1859,5
1859,1
1860,4
1861,1
1861,10
1862,8
1863,3
1863,4
1864,10
1864,4
1864,9
1865,9
1866,2
1866,6
1867,7
1867,6
1868,1
1868,10
1869,3
1870,1
1870,4
1871,3
1871,2
1872,6
1873,6
1874,6
1874,8
1875,8
1876,1
1876,6
1876,3
1877,8
1877,10
1878,7
1878,6
1879,10
1879,5
1880,4
1880,3
1880,2
1881,6
1881,1
1881,8
1882,5
1882,3
1883,9
1883,2
1884,6
1884,8
1885,6
1886,9
1886,4
1887,10
1887,1
1887,4
1888,7
1888,8
1888,5
1889,4
1890,1
1890,7
1890,2
1891,1
1891,5
1892,2
1892,5
1892,10
1893,3
1893,1
1893,9
1894,5
1895,3
1895,7
1895,5
1896,10
1896,9
1896,1
1897,8
1898,2
1898,7
1899,7
1899,6
1900,6
1901,7
1901,5
1901,8
1902,8
1902,7
1903,7
1903,6
1904,2
1905,10
1906,3
1906,10
1907,4
1908,6
1908,1
1908,8
1909,10
1909,4
1909,8
1910,9
1910,3
1911,4
1911,10
1911,2
1912,7
1912,6
1913,7
1913,10
1914,6
1914,3
1915,4
1915,6
1916,8
1917,5
1917,2
1917,7
1918,3
1918,1
1918,9
1919,1
1919,2
1919,4
1920,8
1921,5
1921,3
1921,2
1922,9
1923,6
1924,8
1924,10
1924,7
1925,8
1926,6
1926,5
1926,1
1927,6
1928,2
1928,1
1929,4
1929,1
1929,10
1930,9
1930,7
1930,2
1931,7
1931,10
1932,7
1932,8
1933,4
1933,9
1934,7
1935,5
1935,8
1936,8
1936,3
1937,7
1937,4
1937,1
1938,8
1939,10
1939,6
1940,10
1940,3
1941,2
1942,10
1942,3
1943,7
1943,6
1944,7
1944,6
1944,1
1945,6
1946,3
1947,1
1947,6
1948,9
1949,4
1950,3
1950,10
1951,9
1952,10
1952,4
1952,2
1953,7
1954,8
1955,10
1955,7
1955,4
1956,3
1957,1
1957,7
1958,9
1959,2
1960,4
1960,7
1960,2
1961,4
1961,9
1962,2
1962,4
1962,6
1963,6
1963,10
1963,7
1964,5
1964,10
1965,4
1965,9
1966,6
1966,10
1966,5
1967,4
1967,10
1968,6
1968,5
1968,4
1969,6
1969,1
1970,2
1971,10
1971,2
1972,3
1972,2
1972,9
1973,4
1973,10
1974,9
1975,10
1975,5
1975,4
1976,5
1977,1
1977,4
1978,1
1979,8
1979,9
1979,4
1980,10
1980,7
1981,7
1981,9
1982,9
1982,8
1982,7
1983,3
1983,10
1984,6
1984,7
1985,6
1985,2
1985,1
1986,6
1986,1
1987,1
1987,3
1988,2
1988,4
1988,7
1989,8
1989,6
1990,8
1990,6
1990,1
1991,6
1991,9
1991,3
1992,4
1992,2
1992,5
1993,4
1994,1
1994,5
1994,8
1995,4
1995,3
1995,8
1996,10
1997,3
1997,4
1998,2
1998,5
1999,3
1999,5
1999,7
2000,2
2000,6
2000,3
